,Name,Cases,Deaths,Cases_per_mil,Code,Latitude,Longitude,Population,Area,Demographic_Density,Access to electricity (% of population),Adjusted net national income per capita (current US$),"Air transport, passengers carried","Children out of school, primary",Current health expenditure per capita (current US$),Domestic private health expenditure per capita (current US$),"Employers, total (% of total employment) (modeled ILO estimate)","GNI, Atlas method (current US$)","GNI per capita, Atlas method (current US$)","Government expenditure on education, total (% of GDP)","Hospital beds (per 1,000 people)","Incidence of tuberculosis (per 100,000 people)",Individuals using the Internet (% of population),"International tourism, number of arrivals","Life expectancy at birth, total (years)","Nurses and midwives (per 1,000 people)",Population ages 0-14 (% of total population),Population ages 65 and above (% of total population),Population density (people per sq. km of land area),Rural population (% of total population),"Tuberculosis case detection rate (%, all forms)",Urban population (% of total population)
2,Algeria,9267,646,Below,DZA,28.0,3.0,40400000.0,2381741.0,16.962381719926725,100.0,3248.22844193797,6442442.0,14211.0,258.494293212891,87.9497985839844,4.61700010299683,162343089458.888,3920.0,4.33702,1.9,69.0,49.0384680793271,2657000.0,76.693,1.5477,30.1486785862257,6.36249654497986,17.7300750711665,27.371,80.0,72.629
4,Angola,84,4,Below,AGO,-12.5,18.5,25868000.0,1246700.0,20.7491778294698,43.2592582702637,1214.54334584768,1516628.0,773837.0,114.45964050293,57.9240913391113,4.26100015640259,103839890559.318,3370.0,3.42132,0.8,355.0,14.3390793643794,218000.0,60.782,0.4075,46.8089247095412,2.21637364776329,24.7130520574316,34.486,61.0,65.514
6,Argentina,16214,528,Above,ARG,-34.0,-64.0,43590400.0,2780400.0,15.677744209466264,100.0,9631.7109854384,18081937.0,18743.0,1324.603515625,358.585235595703,3.90700006484985,551170581779.708,12390.0,5.46223,5.0,27.0,74.29490687,6942000.0,76.52,2.5996,24.7609338351238,11.1177888760774,16.2585100979651,8.13,87.0,91.87
7,Armenia,8927,127,Below,ARM,40.0,45.0,2994400.0,29743.0,100.6757892613388,100.0,3527.03807415261,0.0,11426.0,407.635864257813,348.399749755859,1.22399997711182,12474731643.2005,4230.0,2.70759,4.2,31.0,64.7448843250726,1652000.0,74.945,6.107,20.6334219249969,11.2538176570131,103.680224798033,36.851,80.0,63.149
8,Australia,7192,103,Above,AUS,-27.0,133.0,24117360.0,7692024.0,3.135372432535312,100.0,43346.0145145518,75667645.0347507,7031.0,5331.81787109375,1657.51025390625,5.75299978256226,1330436971362.72,53250.0,5.27163,3.8,6.6,86.54504885,9246000.0,82.7487804878049,12.5508,19.1906170385658,15.6564752275591,3.24787091037205,13.988,87.0,86.012
9,Austria,16685,668,Below,AUT,47.33333333,13.33333333,8725931.0,83871.0,104.03990652311288,100.0,42074.3940319437,12935505.0,149.0,4939.87548828125,1363.77404785156,4.54500007629395,436266719832.367,49350.0,5.5007,7.6,7.1,87.4791372262556,30816000.0,81.6439024390244,7.0899,14.2979476320233,19.0015664595899,107.127966860564,41.703,74.0,58.297
10,Azerbaijan,5246,61,Below,AZE,40.5,47.5,9730500.0,86600.0,112.36143187066975,100.0,3282.23485413186,2279546.0,24803.0,275.809356689453,233.099456787109,12.7650003433228,40259865257.7429,4050.0,2.47382,4.7,63.0,79.7999954887896,2633000.0,72.864,6.4338,23.3695698603865,6.19518275071493,120.234667956937,44.32,80.0,55.68
11,Bahamas,102,11,Above,BHS,24.25,-76.0,378040.0,13943.0,27.113246790504196,100.0,24321.4953367811,1197116.19679215,8533.0,1771.53552246094,983.910888671875,0.0120000001043081,11771631209.2318,30520.0,2.23284,2.9,14.0,85.0,1633000.0,73.752,4.5669,22.4848756732367,7.25760235662035,38.5254745254745,16.975,87.0,83.025
12,Bahrain,10793,17,Below,BHR,26.0,50.55,1404900.0,765.0,1836.4705882352941,100.0,20149.7773800471,5877003.0,1188.0,1127.18627929688,473.653839111328,1.71399998664856,34361641288.613,21890.0,2.32721,2.0,11.0,98.6446725799886,12045000.0,77.163,2.4944,19.2543101196218,2.42633387832394,2017.27369979138,10.713,87.0,89.287
13,Bangladesh,44608,610,Below,BGD,24.0,90.0,161006790.0,147570.0,1091.053669445009,85.1604232788086,1618.87430945938,5984155.21211717,803773.0,36.2823371887207,27.7752990722656,4.38500022888184,282036256832.374,1750.0,1.98602,0.8,221.0,15.0,1026000.0,72.32,0.4124,27.706022482501,5.15839063962068,1239.57931166936,63.368,75.0,36.632
15,Belarus,41658,229,Below,BLR,53.0,28.0,9498700.0,207600.0,45.75481695568401,100.0,5153.08555830364,2760168.0,5544.0,342.499908447266,101.622947692871,0.884999990463257,54079877293.493,5700.0,4.79499,11.0,31.0,79.1298866919307,11501600.0,74.1756097560976,11.0027,16.8659430504801,14.8451481743098,46.7195037884204,21.405,80.0,78.595
16,Belgium,58186,9453,Below,BEL,50.83333333,4.0,11319511.0,30528.0,370.79110980083857,100.0,38814.3465212391,13639487.0,2164.0,4507.3564453125,1026.8935546875,3.77500009536743,524407874219.178,45870.0,6.54513,6.2,9.0,88.6550642753316,9119000.0,81.5951219512195,19.4614,17.0554227603857,18.7887437383395,377.584412153236,1.999,88.0,98.001
17,Benin,224,3,Below,BEN,9.5,2.25,10653654.0,112622.0,94.5965619505958,41.529239654541,1007.97756913022,899.0,50858.0,30.7664470672607,15.592734336853,1.30900001525879,13735899664.4805,1200.0,4.03814,0.5,56.0,20.0,295000.0,61.47,0.3888,42.4476823945995,3.25360529746338,101.853919829727,52.688,62.0,47.312
18,Bhutan,33,0,Below,BTN,27.5,90.5,775620.0,38394.0,20.201593999062354,100.0,2640.84180802604,275849.0,7456.0,96.7993011474609,13.8552865982056,0.0970000028610229,2239474150.18651,2970.0,6.64043,1.7,149.0,48.1064158774574,274000.0,71.46,1.8518,25.7713537330923,6.00301171280561,19.7775277714448,59.105,80.0,40.895
21,Brazil,498440,28834,Below,BRA,-10.0,-55.0,206135893.0,8515767.0,24.20638011819722,100.0,7480.59094154594,102109977.0,54096.0,928.79931640625,539.207275390625,4.80299997329712,1902286218698.39,9080.0,6.24106,2.2,45.0,70.4342825404361,6621000.0,75.672,10.119,21.3340719108545,8.92283783244003,25.0617162430876,13.431,87.0,86.569
23,Bulgaria,2499,139,Above,BGR,43.0,25.0,7153784.0,110879.0,64.51883584808665,100.0,8073.1867647171,1022645.0,34641.0,663.715087890625,319.524444580078,3.7260000705719,62262010776.1635,8860.0,4.07685,6.8,22.0,64.78201069118,9273000.0,74.8658536585366,4.8156,14.5954653179814,21.021914434268,64.7110998526161,24.992,82.0,75.008
24,Burkina Faso,847,53,Below,BFA,13.0,-2.0,19034397.0,272967.0,69.73149501588104,14.4,532.564112079046,151531.0,689266.0,44.403491973877,17.1846256256104,0.676999986171722,13256859813.9411,670.0,6.03609,0.4,48.0,16.0,144000.0,61.174,0.8829,44.9480813221662,2.40698082866355,72.1912828947368,70.642,63.0,29.358
25,Cabo Verde,421,4,Above,CPV,16.0,-24.0,531239.0,4033.0,131.72303496156707,93.5859985351563,2842.08194099806,140429.0,3973.0,167.589614868164,52.7146873474121,3.70799994468689,1859911111.20433,3420.0,5.17322,2.1,46.0,57.16214635,710000.0,72.782,1.2983,28.7777669479759,4.60932715666821,134.929776674938,34.268,80.0,65.732
26,Cambodia,125,0,Above,KHM,13.0,105.0,15626444.0,181035.0,86.3172535697517,91.5506744384766,1184.26508592137,1411059.0,186109.0,82.0758666992188,50.1751327514648,0.0780000016093254,22525028803.2131,1390.0,2.16286,0.8,302.0,40.0,6201000.0,69.57,0.6855,31.2014147627244,4.56868001756576,92.0564128710628,76.612,58.0,23.388
27,Cameroon,5904,191,Above,CMR,6.0,12.0,22709892.0,475442.0,47.765851565490635,62.6600723266602,1211.8873428937,265136.0,258823.0,67.8118133544922,53.5498504638672,3.09500002861023,36356256723.8828,1440.0,3.14529,1.3,186.0,23.20297197,1081000.0,58.921,0.9164,42.6315798448676,2.72887735524057,53.3439889149796,43.626,50.0,56.374
28,Canada,91664,7158,Below,CAN,60.0,-95.0,36155487.0,9984670.0,3.6210998460640162,100.0,37664.810220618,89380000.0,2753.0,4754.94775390625,1249.66516113281,4.58400011062622,1665565135891.87,44950.0,5.27444,2.7,5.6,91.0,21134000.0,81.9487804878049,9.9438,15.8702508744405,17.2320066788651,4.07518823864492,18.589,87.0,81.411
29,Central African Republic,962,1,Below,CAF,7.0,21.0,4998000.0,622984.0,8.022677949995506,32.4203987121582,435.342550201405,46364.0,252222.0,24.1500549316406,7.72706747055054,1.15799999237061,2296440918.76811,490.0,1.10792,1.0,540.0,4.33925494461827,107000.0,52.805,0.2063,44.294320550801,2.82577370666008,7.49041221227006,58.636,43.0,41.364
30,Chad,759,65,Below,TCD,15.0,19.0,14497000.0,1284000.0,11.290498442367602,11.7593555450439,521.425478736266,28332.0,674855.0,29.730863571167,18.7718257904053,0.23199999332428,10439631781.5373,670.0,2.24185,0.4,142.0,6.49999811951501,87000.0,53.977,0.2322,47.126299988842,2.48051894434901,12.2917336404066,76.941,59.0,23.059
31,Chile,94858,997,Below,CHL,-30.0,-71.0,18191900.0,756102.0,24.060113582558966,100.0,11874.8956502246,19517185.0,33899.0,1381.98620605469,690.187255859375,4.25400018692017,274752205940.077,14670.0,5.40274,2.2,18.0,82.32748693,5723000.0,80.042,13.3248,19.7539024707995,11.5298016568816,25.1894460666519,12.436,87.0,87.564
33,Colombia,26734,891,Above,COL,4.0,-72.0,48759958.0,1141748.0,42.70640982073102,99.9364471435547,5024.7824887751,33704037.0,84250.0,459.197570800781,147.863204956055,4.14300012588501,306905190832.81,6180.0,4.50259,1.5,33.0,64.1263768204459,3904000.0,77.109,1.3309,23.077895979964,8.47804701986958,44.7487021180712,19.222,80.0,80.778
36,Costa Rica,1047,10,Below,CRI,10.0,-84.0,4890379.0,51100.0,95.70213307240705,100.0,10698.0677572512,1948546.0,509.0,869.077758789063,229.759735107422,4.07600021362305,57572716407.2607,11520.0,7.02824,1.2,10.0,74.0868022255159,3017000.0,80.095,3.4144,21.3247441063911,9.54984767296984,97.9130630630631,20.66,80.0,79.34
38,Croatia,2246,103,Below,HRV,45.16666666,15.5,4190669.0,56594.0,74.04793794395165,100.0,12585.6709379032,2093577.0,2304.0,902.1396484375,154.887176513672,4.72499990463257,57235668668.1884,14000.0,4.55695,5.6,8.4,75.2946259897258,16645000.0,78.0707317073171,8.1224,14.5119400058464,20.445433012423,73.0493745532523,43.053,100.0,56.947
40,Cuba,2025,83,Below,CUB,21.5,-80.0,11239004.0,109884.0,102.28062320265006,100.0,6927.0301104264,560754.332,15680.0,987.627014160156,103.52961730957,3.59400010108948,84811579544.9567,7480.0,12.83731,5.2,7.2,57.14840432,4684000.0,78.726,7.5614,16.2112389922363,15.1862114171521,108.999596231494,22.963,87.0,77.037
41,Cyprus,944,17,Below,CYP,35.0,33.0,847000.0,9251.0,91.5576694411415,100.0,26327.562243961,401408.0,754.0,1731.69445800781,989.778259277344,2.17199993133545,24858679564.5598,28570.0,6.29136,3.4,5.4,84.4335825186889,3939000.0,80.828,5.2512,16.787847956511,13.7190617734483,128.708333333333,33.19,79.0,66.81
43,Denmark,11833,571,Below,DNK,56.0,10.0,5717014.0,43094.0,132.66380470599157,100.0,51866.5413269672,6428701.0,944.0,5800.1513671875,926.632934570313,3.14400005340576,348630649463.169,60170.0,7.63485,2.5,5.4,97.3192043651002,12749000.0,81.3512195121951,10.3195,16.4582625623987,19.8129526369902,137.976565849012,12.126,87.0,87.874
45,Dominican Republic,16908,498,Below,DOM,19.0,-70.66666666,10075045.0,48671.0,207.00304082513202,100.0,7197.23502708958,11903.0,65825.0,433.208587646484,230.719787597656,3.40799999237061,82507627531.8255,7760.0,2.04679,1.6,45.0,74.8242898588721,6569000.0,73.892,1.3802,27.9771295026574,7.08281747649721,219.97857586421,18.926,80.0,81.074
46,Ecuador,38571,3334,Below,ECU,-2.0,-77.5,16545799.0,276841.0,59.766432717697164,100.0,4661.09640288187,5365261.0,24550.0,518.029602050781,241.586929321289,3.00399994850159,104382965825.259,6110.0,4.9987,1.5,44.0,57.2722436831024,2535000.0,76.8,2.5059,28.0285920021109,7.15728972666108,68.7886817522951,36.179,80.0,63.821
47,Egypt,23449,913,Above,EGY,27.0,30.0,91290000.0,1002450.0,91.066886128984,100.0,2216.39286470879,12340832.0,77552.0,105.768455505371,70.5148010253906,10.5329999923706,275406313177.971,2800.0,3.76083,1.6,12.0,46.9243380864905,11196000.0,71.825,1.9262,33.7987207092348,5.22977934620923,98.8734692852479,57.296,68.0,42.704
48,El Salvador,2395,46,Above,SLV,13.83333333,-88.91666666,6520675.0,21041.0,309.9032840644456,100.0,3306.18525675686,2545105.0,95746.0,282.491027832031,102.016242980957,4.51399993896484,24510577375.7738,3820.0,3.60075,1.3,70.0,33.8207289,1677300.0,73.096,1.8344,27.1320809139623,8.28709000480629,309.881467181467,27.977,80.0,72.023
50,Eritrea,39,0,Above,ERI,15.0,39.0,5352000.0,117600.0,45.51020408163265,49.6155433654785,605.008727599039,102729.0,241988.0,32.9119987487793,19.4580745697021,0.497000008821487,2313033852.03835,720.0,2.127,0.7,89.0,1.3089069798665,142000.0,65.941,1.4397,40.1807794218494,4.08385636215873,31.8215049504951,64.229,61.0,35.771
51,Estonia,1865,67,Above,EST,59.0,26.0,1315944.0,45227.0,29.096424702058506,100.0,18992.8036020901,31981.0,2142.0,1300.48168945313,329.167541503906,4.44899988174438,27929605146.9101,21130.0,5.17316,5.0,13.0,89.3570077747426,3234000.0,78.5439024390244,11.1558,16.3570737459559,19.6263568469749,30.4112491373361,31.12,87.0,68.88
53,Ethiopia,1063,8,Above,ETH,8.0,38.0,92206005.0,1104300.0,83.49724259712035,44.9799575805664,561.048616780025,11501244.0,2306559.0,25.2619533538818,13.3745574951172,0.564999997615814,86692450686.6425,790.0,4.73792,0.3,151.0,18.6180514528264,849000.0,66.24,0.7135,40.7829819073234,3.50113299760986,109.224559,79.237,69.0,20.763
54,Fiji,18,0,Above,FJI,-18.0,175.0,867000.0,18272.0,47.44964973730298,99.5933609008789,5137.37930626529,1670216.0,576.0,188.414321899414,59.2444725036621,1.16499996185303,5178577295.28241,5860.0,3.88289,2.3,54.0,49.9663730102662,870000.0,67.341,3.3752,29.5126222009931,5.44968041263952,48.3570333880679,43.752,80.0,56.248
55,Finland,6826,316,Below,FIN,64.0,26.0,5491817.0,338424.0,16.227622745431766,100.0,41120.0062713843,13364839.0,4187.0,4205.74267578125,977.945007324219,3.56699991226196,266399244032.195,48300.0,6.89735,4.4,4.7,88.8899599985585,3224000.0,81.8341463414634,14.7374,16.1451829725838,21.7207875455222,18.1485472672831,14.618,88.0,85.382
58,Gambia,25,1,Below,GMB,13.46666666,-16.56666666,1882450.0,11295.0,166.6622399291722,60.3,585.383065120837,53735.0,65020.0,23.2723255157471,8.17127513885498,1.49199998378754,1616308775.08728,710.0,2.43275,1.1,174.0,19.8364544419252,552000.0,61.735,1.5447,44.2687450605107,2.58998093938232,225.30652173913,38.73,60.0,61.27
59,Georgia,757,12,Below,GEO,42.0,43.5,3720400.0,69700.0,53.377331420373025,100.0,4000.01444110897,516034.0,2434.0,293.053588867188,177.023178100586,1.98099994659424,16570957084.5388,4450.0,3.84974,2.6,80.0,62.7179081736957,4757000.0,73.6,4.7293,19.7952406005383,14.8654914310525,65.2752020714511,41.368,73.0,58.632
60,Germany,183189,8530,Above,DEU,51.0,9.0,81770900.0,357114.0,228.97702134332454,100.0,40265.277396313,109796202.17431,15035.0,5033.4521484375,1124.47900390625,4.22499990463257,3905321667025.8,47110.0,4.80093,8.3,7.3,89.7391210364906,38881000.0,80.9926829268293,13.2352,13.6210301045356,21.4619619953309,237.30759674834,22.688,87.0,77.312
61,Ghana,7768,35,Above,GHA,8.0,-2.0,27670174.0,238533.0,116.00145053304993,82.3945770263672,1461.77564042968,467438.0,35432.0,66.7494125366211,34.7325210571289,5.65399980545044,63356193050.1889,2130.0,3.98944,0.9,148.0,39.0,897000.0,63.78,4.2001,37.5960615850344,3.06889800693396,130.821429199262,43.94,32.0,56.06
62,Greece,2915,175,Below,GRC,39.0,22.0,10858018.0,131990.0,82.26394423819987,100.0,17146.7081040374,15125933.5152598,8147.0,1516.58776855469,601.214233398438,7.5770001411438,212047073742.461,19760.0,3.96396,4.3,4.5,72.952094201811,30123000.0,81.2878048780488,3.6331,14.0712448654023,21.6552720778435,83.2562141194725,20.942,86.0,79.058
63,Guatemala,4739,102,Above,GTM,15.5,-90.25,16176133.0,108889.0,148.55617188145726,94.6954650878906,3823.92639915634,145795.0,246375.0,259.935028076172,163.948669433594,2.79900002479553,75940720820.045,4400.0,2.92707,0.6,26.0,65.0,1781000.0,74.063,0.0737,34.4353953933618,4.81207250828785,160.953779395297,48.946,80.0,51.054
65,Guyana,152,12,Above,GUY,5.0,-59.0,746900.0,214969.0,3.4744544562239206,91.8495254516602,4047.60919541893,26069.0,1732.0,230.527282714844,81.1752166748047,6.94299983978271,3717845151.25661,4770.0,5.88842,1.6,83.0,37.3258367878094,287000.0,69.774,1.0398,28.214545202476,6.45027124309697,3.95734823469647,73.394,80.0,26.606
68,Honduras,5094,201,Above,HND,15.0,-86.5,8576532.0,112492.0,76.24126160082494,91.88720703125,2141.26952788291,411989.0,214406.0,195.935745239258,106.810989379883,9.93299961090088,22272051988.2236,2320.0,6.0812,0.7,37.0,31.7,851000.0,75.088,0.7357,31.7408815333097,4.69061765907812,85.6870319063366,42.904,80.0,57.096
69,Hungary,3867,524,Above,HUN,47.0,20.0,9823000.0,93028.0,105.59186481489444,100.0,12895.7031743981,31226848.0,9986.0,981.423034667969,306.821258544922,4.30200004577637,144335865294.525,14760.0,4.71078,7.0,6.4,76.0743606365063,17552000.0,75.8170731707317,6.9157,14.4119922134424,19.1577253832321,107.981486799956,28.649,97.0,71.351
70,Iceland,1806,10,Below,ISL,65.0,-18.0,334300.0,103000.0,3.245631067961165,100.0,58011.3999110473,7819740.55998243,15.0,6086.3115234375,1105.9697265625,3.99699997901917,24028826245.3673,68120.0,7.45988,3.2,2.7,99.0109539916991,2343800.0,82.6609756097561,16.2132,19.8323201064408,14.7950925565689,3.51841396508728,6.187,87.0,93.813
71,India,181827,5185,Above,IND,20.0,77.0,1295210000.0,3287590.0,393.96944266164576,95.2358551025391,1739.89593825234,164035637.545,2887748.0,69.293098449707,49.9347839355469,2.01500010490417,2727893916562.77,2020.0,3.84467,0.7,199.0,34.45,17423000.0,69.416,1.7271,27.0533018530221,6.17995564947149,454.938072575247,65.97,74.0,34.03
72,Indonesia,25773,1573,Below,IDN,-5.0,120.0,258705000.0,1904569.0,135.83388157635665,98.51,2989.67878497312,115154100.909,1555014.0,114.971786499023,58.7503280639648,3.59400010108948,1026759691227.39,3840.0,3.5836,1.2,316.0,39.9046386462913,15810000.0,71.509,2.4149,26.5511973052634,5.85716561272863,147.75219008926,44.675,67.0,55.325
75,Ireland,24929,1651,Below,IRL,53.0,-8.0,6378000.0,70273.0,90.76032046447426,100.0,43843.2414274165,167598633.0,159.0,4976.8623046875,1329.24609375,4.28299999237061,297935848808.302,61210.0,3.71973,2.8,7.0,84.5223020568612,10926000.0,82.6073170731707,16.0996,21.4064195870662,13.8658017012923,70.6533459137756,36.83,87.0,63.17
76,Israel,17012,284,Below,ISR,31.5,34.75,8527400.0,20770.0,410.5633124699085,100.0,36155.146565079,7404373.0,2210.0,3144.62622070313,1088.47058105469,4.08799982070923,363555983141.751,40930.0,5.8493,3.1,4.0,83.7331390569778,4121000.0,82.8024390243903,5.7002,27.9252464589938,11.9769860249625,410.480591497227,7.58199999999999,87.0,92.418
77,Italy,232664,33340,Above,ITA,42.83333333,12.83333333,60665551.0,301336.0,201.32194958451694,100.0,28806.2030569871,27630435.6,71841.0,2840.13061523438,741.348449707031,6.05299997329712,2038376643846.06,33740.0,3.82926,3.4,7.0,74.3871829234822,61567200.0,82.9463414634147,5.7401,13.3291160906398,22.7516796025077,205.418372203713,29.562,88.0,70.438
78,Jamaica,581,9,Below,JAM,18.25,-77.5,2723246.0,10991.0,247.77053953234466,98.9332809448242,4690.18171389598,180951.272,42794.0,307.196044921875,102.383346557617,3.53399991989136,14582302023.5711,4970.0,5.40731,1.7,2.9,55.0720670507751,2473000.0,74.368,0.8068,23.7500966830639,8.79664255070196,270.993074792244,44.326,80.0,55.674
80,Jordan,734,9,Below,JOR,31.0,36.0,9531712.0,89342.0,106.6879183362808,99.9,3863.04466677305,3383805.0,264821.0,340.661804199219,156.357681274414,5.81300020217896,41836914916.3244,4200.0,3.58851,1.4,5.0,66.7903144326458,4150000.0,74.405,2.8212,34.2454902091433,3.84649039799834,112.14249831043,9.021,80.0,90.979
81,Kazakhstan,10382,38,Below,KAZ,48.0,68.0,17753200.0,2724900.0,6.515174868802525,100.0,6371.06167824143,7143797.0,12924.0,279.645324707031,105.629028320313,1.46200001239777,147572879547.561,8080.0,2.75095,6.7,68.0,78.9039190578816,8789000.0,73.15,7.2936,28.4605497778393,7.39184627103032,6.76831870207801,42.572,100.0,57.428
82,Kenya,1888,63,Above,KEN,1.0,38.0,47251000.0,580367.0,81.41572487753439,75.0,1422.81232736082,5935831.09691728,1381464.0,76.6103210449219,30.1753177642822,0.256000012159348,83062874765.6646,1620.0,5.32024,1.4,292.0,17.8271002088645,1364000.0,66.342,1.1656,39.7821669340692,2.33918661191556,90.2994166637383,72.97,63.0,27.03
84,Kuwait,26192,205,Above,KWT,29.5,45.75,4183658.0,17818.0,234.79952856661802,100.0,31628.7735156719,6464847.0,7290.0,1529.07763671875,192.897872924805,0.691999971866608,141863037582.434,34290.0,3.76001,2.0,23.0,99.5988495907557,8508000.0,75.398,7.4145,21.5388880509858,2.55047238400198,232.172222222222,0.0,87.0,100.0
85,Kyrgyzstan,1722,16,Below,KGZ,41.0,75.0,6047800.0,199951.0,30.246410370540783,100.0,988.69370117506,709198.932479812,1414.0,78.8228378295898,44.4606475830078,1.59700000286102,7700206967.56854,1220.0,6.02619,4.5,116.0,38.0,423000.0,71.4,5.9445,32.3504171141318,4.49472797559656,32.9655891553702,63.649,87.0,36.351
86,Latvia,1065,24,Below,LVA,57.0,25.0,1961600.0,64559.0,30.384609427035734,100.0,13725.7350568493,4058762.0,1854.0,930.352355957031,397.104431152344,4.26599979400635,31803867377.5425,16500.0,4.71957,5.8,29.0,83.5771748630956,1946000.0,74.6780487804878,4.7517,15.9957769389964,20.0436203206809,30.9934705693149,31.858,87.0,68.142
90,Lithuania,1670,70,Above,LTU,56.0,24.0,2872294.0,65300.0,43.986125574272585,100.0,16125.1801962993,26031.0,247.0,1078.17919921875,370.803436279297,2.37899994850159,48634196073.5066,17360.0,4.00847,7.3,44.0,79.7225827680518,2825000.0,76.290243902439,9.8472,14.8824245055089,19.7050331564608,44.7230757742448,32.321,87.0,67.679
91,Luxembourg,4016,110,Below,LUX,49.75,6.16666666,576200.0,2586.0,222.81515854601702,100.0,60159.1752768919,2099102.0,208.0,5782.62841796875,797.472351074219,2.92000007629395,43068735624.125,70840.0,3.95519,4.8,8.0,97.061298705829,1018000.0,82.0951219512195,12.1744,15.8788239869589,14.1831541841472,250.185185185185,9.01900000000001,87.0,90.981
92,Madagascar,758,6,Above,MDG,-20.0,47.0,22434363.0,587041.0,38.21600705913215,25.9078121185303,442.980122816842,541290.0,66840.0,24.6708374023438,7.43160343170166,3.82200002670288,13267179655.2599,510.0,3.23481,0.2,233.0,9.8,291000.0,66.681,0.146,40.6681505928286,2.98671712579162,45.1398556204881,62.809,55.0,37.191
93,Malaysia,7762,115,Above,MYS,2.5,112.5,31405416.0,330803.0,94.93691411504733,100.0,8180.0634519285,60481772.0,10381.0,384.066070556641,189.687042236328,3.47199988365173,333842531884.843,10590.0,4.53477,1.9,92.0,81.2010486181174,25832000.0,75.997,3.4676,23.9951410860297,6.67175462547886,95.9628214883579,23.964,87.0,76.036
94,Maldives,1672,5,Below,MDV,3.25,73.0,344023.0,300.0,1146.7433333333333,100.0,8203.23166703515,1147247.0,1927.0,1006.93878173828,286.617889404297,4.125,4786256984.46698,9280.0,4.06728,4.3,33.0,63.1856658848485,1484000.0,78.627,6.4282,20.1479166020291,3.70334460612454,1718.98666666667,60.192,80.0,39.808
96,Mauritania,483,20,Above,MRT,20.0,-12.0,3718678.0,1030700.0,3.607915009217037,44.526912689209,973.934309293472,454435.697242701,129168.0,48.8171310424805,26.4687461853027,2.64400005340576,5129074595.79785,1160.0,2.63107,0.4,93.0,20.80096366143,30000.0,64.704,0.9252,40.0831828216618,3.14111215805009,4.27216357815077,46.328,59.0,53.672
97,Mauritius,335,10,Above,MUS,-20.28333333,57.55,1262879.0,2040.0,619.0583333333333,97.4660034179688,10394.5241499615,1745291.0,1156.0,599.699768066406,337.658233642578,4.30499982833862,15244401131.0815,12050.0,4.83459,3.4,13.0,58.596169704299,1399000.0,74.4163414634146,3.5152,17.793692318012,11.4741730686522,623.30197044335,59.207,80.0,40.793
98,Mexico,87512,9779,Below,MEX,23.0,-102.0,122273473.0,1964375.0,62.245484187082404,100.0,7447.22350127386,64569640.0,97717.0,494.677642822266,239.857055664063,4.78700017929077,1159048814145.26,9180.0,4.90983,1.5,23.0,65.7726344759233,41313000.0,74.992,2.3961,26.5568481908521,7.22368498087198,64.9146264050001,19.844,80.0,80.156
101,Mongolia,179,0,Below,MNG,46.0,105.0,3093100.0,1564110.0,1.9775463362551227,98.1,2575.66866932023,670360.0,2151.0,148.784454345703,52.7823028564453,0.943000018596649,11597426934.3095,3660.0,4.08578,7.0,428.0,47.1609401961253,529000.0,69.689,3.8938,30.4095683070176,4.08353878726245,2.04060866654651,31.555,29.0,68.445
103,Morocco,7780,204,Below,MAR,32.0,-5.0,33337529.0,446550.0,74.65575859366253,100.0,2792.13513326648,8132917.0,7804.0,161.010864257813,91.5722808837891,2.6340000629425,112914745257.66,3090.0,5.26064,1.1,99.0,64.8038651924043,12289000.0,76.453,1.3887,27.2063801328554,7.0129048211122,80.7285189334528,37.547,87.0,62.453
104,Namibia,23,0,Below,NAM,-22.0,17.0,2324388.0,825615.0,2.81534129103759,53.8738746643066,5037.74162297984,602893.0,5999.0,447.280639648438,222.949783325195,6.30100011825562,12783643142.3496,5220.0,3.10315,2.7,524.0,51.0,1499000.0,63.373,1.954,36.9102491891316,3.63603168074514,2.97374558175127,49.968,61.0,50.032
105,Nepal,1401,6,Below,NPL,28.0,84.0,28431500.0,147181.0,193.17371128066802,93.92,914.9337313288,3296953.0,103384.0,47.9153633117676,29.8970756530762,1.04100000858307,27201708172.7506,970.0,5.16365,0.3,151.0,34.0,1173000.0,70.478,3.1084,30.4142653217498,5.72767077569198,195.939107080572,80.26,75.0,19.74
106,Netherlands,46454,5970,Below,NLD,52.5,5.75,17019800.0,41850.0,406.6857825567503,100.0,44667.6999220237,43996044.579144,11016.0,4911.4404296875,1747.31909179688,3.96499991416931,883236056903.029,51260.0,5.4796,4.7,5.3,94.7120737217303,18780000.0,81.7609756097561,11.1839,16.1081587098378,19.1961926333387,511.475927574948,8.51000000000001,87.0,91.49
107,New Zealand,1504,22,Below,NZL,-41.0,174.0,4697854.0,270467.0,17.369416601655654,100.0,34148.3272756201,17249049.9541367,913.0,3937.22192382813,966.275329589844,5.96199989318848,198566287203.762,41020.0,6.44277,2.8,7.3,90.8110930723827,3686000.0,81.8585365853659,12.4482,19.6534314569849,15.6524245271741,18.3851733697923,13.462,87.0,86.538
108,Nicaragua,759,35,Above,NIC,13.0,-85.0,6262703.0,130373.0,48.03680976889387,88.0779571533203,1725.04420294929,61031.0,28180.0,192.083389282227,66.1297378540039,5.29300022125244,13068790473.1023,2020.0,4.33953,0.9,41.0,27.8630400087748,1256000.0,74.275,1.5334,30.2016811999565,5.24749744838026,53.7270483629716,41.478,80.0,58.522
109,Niger,956,64,Below,NER,16.0,8.0,20715000.0,1267000.0,16.349644830307813,17.6,351.797736906357,14713.0,1241317.0,29.2616500854492,14.6458005905151,0.674000024795532,8682726194.77016,390.0,4.9198,0.3,87.0,5.25048768669473,157000.0,62.024,0.2695,49.9843246094453,2.59500788269853,17.7176505881424,83.575,55.0,16.425
112,Norway,8437,236,Below,NOR,62.0,10.0,5223256.0,323802.0,16.131018338367273,100.0,66019.105610822,12277222.0,177.0,7936.375,1152.91284179688,1.55400002002716,428375207614.415,80640.0,7.9761,3.9,4.1,96.4916579887094,5688000.0,82.8121951219512,18.2248,17.5490383783174,17.0492221563211,14.5482916341657,17.752,87.0,82.248
113,Oman,10423,42,Below,OMN,21.0,57.0,4420133.0,309500.0,14.281528271405493,100.0,10262.126460649,10438241.0,8733.0,587.646301269531,72.0291366577148,1.22599995136261,73109396536.3372,15140.0,4.97011,1.6,5.9,80.185635733257,2301000.0,77.633,4.1965,22.2465059852286,2.39278695625796,15.6041453957997,15.461,87.0,84.539
114,Pakistan,66457,1395,Above,PAK,30.0,70.0,194125062.0,881912.0,220.1184041038108,71.0915467008027,1468.82531816129,6880637.0,6005978.0,44.5929641723633,29.731258392334,1.40600001811981,337059830287.149,1590.0,2.89952,0.6,265.0,15.51,966000.0,67.114,0.6683,35.2698145995487,4.31277431133756,275.289318700706,63.334,64.0,36.666
115,Panama,13018,330,Below,PAN,9.0,-80.0,3814672.0,75417.0,50.58106262513757,100.0,13203.168545608,12939350.0,58658.0,1112.30322265625,440.640502929688,3.1489999294281,60023543303.6692,14370.0,3.15901,2.3,52.0,57.8650900656079,1785000.0,78.329,3.0741,27.0623043241241,8.10473107966757,56.1860774818402,32.291,80.0,67.709
117,Paraguay,964,11,Below,PRY,-23.0,-58.0,6854536.0,406752.0,16.851880261191095,100.0,4615.06384902312,560631.0,86111.0,381.113067626953,206.750152587891,5.3730001449585,39417705919.7151,5670.0,3.43834,1.3,43.0,64.9935430235756,1181000.0,74.131,1.6604,29.4405055961229,6.43021500946081,17.5083589227284,38.415,87.0,61.585
118,Peru,155671,4371,Above,PER,-10.0,-76.0,31488700.0,1285216.0,24.500706496028684,95.2,5520.05440145967,17758527.272,47585.0,332.570922851563,121.077407836914,3.95900011062622,207101732427.075,6470.0,3.71993,1.6,123.0,52.5403101713654,4419000.0,76.516,2.4398,25.7906028460802,8.08839279183076,24.99160625,22.093,80.0,77.907
119,Philippines,17224,950,Below,PHL,13.0,122.0,103279800.0,342353.0,301.67633991815467,94.8572311401367,3385.15810054069,43080118.0,424228.0,132.900985717773,87.0441589355469,3.64000010490417,408840418468.117,3830.0,2.65295,1.0,554.0,60.0547603336913,7168000.0,71.095,4.9351,30.9630402017999,5.12256876829946,357.688305329175,53.093,63.0,46.907
120,Poland,23571,1061,Below,POL,52.0,20.0,38437239.0,312679.0,122.92875121130616,100.0,12906.8706318157,9277538.0,59793.0,906.820129394531,281.243835449219,4.03000020980835,535535085143.501,14100.0,4.63931,6.5,16.0,77.5417345350006,19622000.0,77.7536585365854,6.8926,15.052276813695,17.5178167625452,124.023482151605,39.942,87.0,60.058
121,Portugal,32203,1396,Above,PRT,39.5,-8.0,10374822.0,92090.0,112.65959387555652,100.0,18799.1284513783,17367956.0,3662.0,1908.03393554688,642.934020996094,4.81400012969971,226063382260.544,21980.0,4.88294,3.4,24.0,74.6609681128324,16186000.0,81.7243902439025,6.9746,13.4579078221324,21.9538575375873,112.2619412173,34.789,87.0,65.211
122,Qatar,55262,36,Above,QAT,25.5,51.25,2587564.0,11586.0,223.3354047988952,100.0,51553.96869366,29178923.0,2511.0,1649.18615722656,317.678497314453,0.277999997138977,170097430243.3,61150.0,2.86383,1.2,31.0,99.6528491261175,1819300.0,80.1,7.2628,13.5407641851225,1.3700703387375,239.593195521103,0.864999999999995,87.0,99.135
123,Romania,19133,1259,Below,ROU,46.0,25.0,19861408.0,238391.0,83.31442042694565,100.0,9560.89015610975,4908235.0,126456.0,555.104736328125,118.857887268066,1.06099998950958,219905931423.429,11300.0,2.97411,6.3,68.0,70.6812779273268,11720000.0,75.409756097561,7.3891,15.5345549605626,18.3387013938296,84.6059848748261,46.002,87.0,53.998
125,Rwanda,359,1,Below,RWA,-2.0,30.0,11553188.0,26338.0,438.65092262130764,34.7165718078613,614.468040298451,1073528.0,81300.0,49.2044563293457,7.51354646682739,0.0610000006854534,9646119798.09079,780.0,3.11334,1.6,59.0,21.7676326213782,932000.0,68.7,1.2044,39.9755730179801,2.9381960775388,498.659870287799,82.789,80.0,17.211
129,Saudi Arabia,83384,480,Below,SAU,25.0,45.0,32248200.0,2149690.0,15.001325772553251,100.0,18798.7543945677,39141659.999,133597.0,1093.40551757813,392.674438476563,1.86699998378754,727799865031.351,21600.0,5.13781,2.7,10.0,93.3100018480347,15334000.0,74.998,5.4763,25.0428481279098,3.31408802294981,15.6766543082956,16.156,87.0,83.844
130,Senegal,3535,42,Below,SEN,14.0,-14.0,14799859.0,196722.0,75.2323532700969,66.9594497680664,1274.39611074246,21038.0,585518.0,55.0140380859375,34.2783660888672,0.857999980449677,22388448961.1614,1410.0,4.65201,0.3,118.0,46.0,1365000.0,67.665,0.3127,43.0554303706314,3.08682370101833,82.3474783150678,52.808,71.0,47.192
131,Serbia,11381,242,Below,SRB,44.0,21.0,7076372.0,88361.0,80.08478853792963,100.0,5704.84402723823,2262703.0,3815.0,528.545166015625,227.943283081055,3.6010000705719,44641964405.7233,6390.0,3.71509,5.7,17.0,73.360709154564,1711000.0,75.5390243902439,6.0855,15.6896807521828,18.3457926916963,79.8376857992225,43.908,87.0,56.092
133,Singapore,34366,23,Below,SGP,1.36666666,103.8,5535000.0,710.0,7795.774647887324,100.0,50793.8245443193,40401515.0,72.0,2618.71240234375,1356.37878417969,4.35900020599365,331373275388.734,58770.0,2.85435,2.4,47.0,88.1656360313447,14673000.0,83.1463414634146,6.2432,12.2782826362627,11.4633801933791,7952.9984184018,0.0,87.0,100.0
134,Slovakia,1521,28,Below,SVK,48.66666666,19.5,5426252.0,49037.0,110.65627995187307,100.0,15058.9723618195,7925.0,12554.0,1186.13635253906,247.838256835938,2.90300011634827,99471783267.9989,18260.0,3.90267,5.8,5.8,80.660335563768,2256000.0,77.1658536585366,6.0671,15.4461367603311,15.629246504777,113.285586522463,46.274,87.0,53.726
135,Slovenia,1473,108,Above,SVN,46.11666666,14.81666666,2064188.0,20273.0,101.81956296552065,100.0,20690.5788339878,1094762.0,225.0,1920.28186035156,541.655334472656,3.77999997138977,50818622425.2578,24500.0,4.80289,4.6,5.3,79.7499765956562,4425000.0,81.0292682926829,9.9745,15.0217750478021,19.6068796541788,102.96366052404,45.459,89.0,54.541
137,South Africa,30967,643,Below,ZAF,-29.0,24.0,55653654.0,1221037.0,45.57900702435717,91.2298736572266,5117.29707235575,23921748.0700525,567591.0,499.237548828125,221.606338500977,5.25299978256226,332317844014.903,5750.0,6.15899,2.8,520.0,56.1673944673383,10472000.0,63.857,1.3078,29.0794891477129,5.31800500542302,47.6301197767684,33.645,76.0,66.355
138,Spain,239228,27125,Below,ESP,40.0,-4.0,46438422.0,505992.0,91.77698856898924,100.0,25686.453872048,80672105.0,74969.0,2506.46484375,736.49462890625,4.93599987030029,1370987721910.85,29300.0,4.20911,3.0,9.4,86.1072355256591,82773000.0,83.3341463414634,5.7295,14.6670011075355,19.3785075224995,93.6747673244434,19.679,100.0,80.321
139,Sri Lanka,1620,10,Below,LKA,7.0,81.0,20966000.0,65610.0,319.55494589239447,99.5834045410156,3690.4654007413,5882376.0,9296.0,159.484741210938,88.8464889526367,3.02099990844727,87896171382.1976,4060.0,2.11189,3.6,64.0,34.1133478999619,2334000.0,76.812,2.1803,24.1970010216799,10.4732197537841,345.558922022006,81.524,64.0,18.476
142,Sweden,37113,4395,Below,SWE,62.0,15.0,9894888.0,450295.0,21.97423466838406,100.0,46001.8397216442,11623925.0,1876.0,5904.583984375,962.746887207031,3.50500011444092,565106540174.312,55540.0,7.66993,2.6,5.5,92.1416770535508,7440000.0,82.5121951219512,11.8164,17.5817854599214,20.0955249278002,24.9814981218237,12.569,87.0,87.431
143,Switzerland,30845,1919,Below,CHE,47.0,8.0,8341600.0,41284.0,202.05406452863096,100.0,65577.7381727726,28857994.0,706.0,9956.259765625,6920.314453125,5.71299982070923,718905345464.828,84450.0,5.11332,4.7,6.4,89.68614767,10362000.0,83.5512195121951,17.5357,14.9109547691069,18.6232165647717,215.437463043118,26.203,87.0,73.797
146,Thailand,3077,57,Below,THA,15.0,100.0,65327652.0,513120.0,127.31456969130028,100.0,5556.68981934651,76053042.754,93542.0,247.035110473633,58.4060096740723,2.6949999332428,458654995738.984,6610.0,4.12402,2.1,153.0,56.8174809301456,38178000.0,76.931,2.7593,17.0869888171064,11.9008931395893,135.897206835131,50.051,80.0,49.949
147,Togo,433,13,Below,TGO,8.0,1.16666666,7143000.0,56785.0,125.79026151272343,51.3452835083008,522.731579017311,566295.0,66428.0,38.048713684082,26.1122188568115,1.80900001525879,5186946777.21846,660.0,5.42885,0.7,36.0,12.36022497,573000.0,60.76,0.4102,41.334523499723,2.86946801108822,145.046773303916,58.298,85.0,41.702
148,Trinidad and Tobago,117,8,Above,TTO,11.0,-61.0,1349667.0,5130.0,263.09298245614036,100.0,13197.7005739429,2525130.0,1509.0,1124.09167480469,526.077270507813,5.35500001907349,22171395213.221,15950.0,3.1366,3.0,21.0,77.3260529262867,375000.0,73.38,4.0934,20.419572570427,10.7349535163324,270.927485380117,46.816,87.0,53.184
149,Tunisia,1076,48,Below,TUN,34.0,9.0,11154400.0,163610.0,68.17676181162521,99.8,2679.00064814542,4274199.0,11036.0,250.562225341797,106.357635498047,7.08900022506714,40452512429.6335,3500.0,6.59921,2.3,35.0,64.1908102327387,8299000.0,76.505,2.5136,24.1701203463736,8.31567907898877,74.4413233779609,31.055,80.0,68.945
150,Turkey,163103,4515,Above,TUR,39.0,35.0,78741053.0,783562.0,100.49115832569727,100.0,7646.07017934042,115595495.817,273461.0,444.653686523438,99.1124114990234,4.45900011062622,858100673564.328,10420.0,2.75063,2.7,16.0,71.0427610728292,45768000.0,77.437,2.7107,24.6494101390807,8.4832129399716,106.960128893104,24.857,87.0,75.143
151,Uganda,413,0,Above,UGA,1.0,32.0,33860700.0,241550.0,140.18091492444628,42.65,435.280068431498,21537.0,328897.0,38.426441192627,16.0592784881592,3.1489999294281,26688331084.7713,620.0,2.52076,0.5,200.0,23.7065309106142,1402000.0,62.973,1.2382,46.9305251819863,1.94098692046317,213.061734490325,76.226,65.0,23.774
152,Ukraine,23204,696,Below,UKR,49.0,32.0,42692393.0,603700.0,70.71789464966042,100.0,2619.90487808883,7854842.0,136260.0,177.408889770508,96.3253860473633,0.888999998569489,112497730744.996,2660.0,5.41226,8.8,80.0,62.5531553933869,14104000.0,71.5826829268293,6.661,15.8124131732483,16.4346864392016,77.0296673514129,30.648,75.0,69.352
155,Uruguay,821,22,Above,URY,-33.0,-56.0,3480222.0,181034.0,19.22413469293061,100.0,14118.8555013266,563632.0,857.0,1591.533203125,464.069549560547,3.74799990653992,53972904752.5031,15650.0,4.8403,2.8,33.0,74.7671347261997,3469000.0,77.77,1.9412,20.6079810743386,14.8145195308593,19.7080276539824,4.666,87.0,95.334
157,Uzbekistan,3546,14,Below,UZB,41.0,64.0,31576400.0,447400.0,70.5775592311131,100.0,1314.7888669396,3056558.0,17322.0,98.824577331543,53.4478034973145,1.40499997138977,66508646229.7207,2020.0,5.28134,4.0,70.0,55.2,5346000.0,71.573,11.2804,28.6860574147675,4.4191378781364,77.4692054536906,49.522,72.0,50.478
160,Zambia,1057,7,Above,ZMB,-15.0,30.0,15933883.0,752612.0,21.171444250158117,39.8126220703125,1093.6129856576,8904.0,495692.0,67.6486663818359,12.7102851867676,0.301999986171722,24769379600.8785,1430.0,4.66738,2.0,346.0,14.2999970950012,1072000.0,63.51,1.3376,44.9361411568244,2.09967802593266,23.3414789007116,56.479,58.0,43.521
161,Zimbabwe,174,4,Above,ZWE,-20.0,30.0,14240168.0,390757.0,36.44251542518752,41.0415840148926,1903.8696080134,282539.0,11796.0,110.149620056152,37.0750465393066,0.469999998807907,25806087217.628,1790.0,4.60449,1.7,210.0,27.0554876878336,2580000.0,61.195,1.9346,42.4010662380439,2.93952365300113,37.3245909267158,67.791,83.0,32.209
162,Canada,1,1,Above,CAN,60.0,-95.0,36155487.0,9984670.0,3.6210998460640162,100.0,37664.810220618,89380000.0,2753.0,4754.94775390625,1249.66516113281,4.58400011062622,1665565135891.87,44950.0,5.27444,2.7,5.6,91.0,21134000.0,81.9487804878049,9.9438,15.8702508744405,17.2320066788651,4.07518823864492,18.589,87.0,81.411
165,Mozambique,244,2,Below,MOZ,-18.25,35.0,26423700.0,801590.0,32.96410883369303,31.1,438.052854143316,540124.0,353839.0,21.0711555480957,1.8886878490448,2.46700000762939,13588598915.5351,460.0,5.59847,0.7,551.0,10.0,2743000.0,60.163,0.6847,44.6708001531326,2.8907644574499,37.508535313716,64.012,57.0,35.988
168,Belize,18,2,Below,BLZ,17.25,-88.75,370300.0,22966.0,16.123835234694766,99.5400161743164,3612.14827395081,1297533.22307894,302.0,280.498809814453,85.3999252319336,3.41300010681152,1713221353.46156,4470.0,7.37876,1.3,30.0,47.0826258036364,489000.0,74.496,2.3414,30.2797653698662,4.73645877657144,16.7939938623411,54.276,87.0,45.724
173,Mali,1250,76,Below,MLI,17.0,-4.0,18135000.0,1240192.0,14.62273583445144,50.9,737.849978521105,0.0,1343000.0,31.3781051635742,11.634991645813,0.603999972343445,15994137157.1486,840.0,3.78684,0.1,53.0,13.0,14000.0,58.893,0.3585,47.5434863934943,2.50722975755683,15.635015858186,57.644,68.0,42.356
175,Canada,16,0,Below,CAN,60.0,-95.0,36155487.0,9984670.0,3.6210998460640162,100.0,37664.810220618,89380000.0,2753.0,4754.94775390625,1249.66516113281,4.58400011062622,1665565135891.87,44950.0,5.27444,2.7,5.6,91.0,21134000.0,81.9487804878049,9.9438,15.8702508744405,17.2320066788651,4.07518823864492,18.589,87.0,81.411
180,Botswana,35,1,Above,BWA,-22.0,24.0,2141206.0,582000.0,3.6790481099656356,64.8517227172852,6190.14703123579,253417.0,36284.0,465.929321289063,68.6252059936523,2.59899997711182,17468902503.5229,7750.0,9.63292,1.8,275.0,47.0,1623000.0,69.275,5.403,34.1129460158256,4.22387434629301,3.97742487604327,30.554,59.0,69.446
182,Sierra Leone,852,46,Below,SLE,8.5,-11.5,7075641.0,71740.0,98.62895177028157,26.1,435.254584944061,50193.0,6104.0,66.4021835327148,44.8869743347168,2.61100006103516,3739206570.46938,490.0,7.13846,0.4,298.0,9.0,57000.0,54.309,0.2239,41.0596393534767,2.96655621131612,105.987170961485,57.945,75.0,42.055
183,Netherlands,6,0,Below,NLD,52.5,5.75,17019800.0,41850.0,406.6857825567503,100.0,44667.6999220237,43996044.579144,11016.0,4911.4404296875,1747.31909179688,3.96499991416931,883236056903.029,51260.0,5.4796,4.7,5.3,94.7120737217303,18780000.0,81.7609756097561,11.1839,16.1081587098378,19.1961926333387,511.475927574948,8.51000000000001,87.0,91.49
184,Malawi,279,4,Below,MWI,-13.5,34.0,16832910.0,118484.0,142.06905573748355,18.02,311.706512233502,10545.0,43648.0,32.2593841552734,5.45853137969971,1.13800001144409,6506600289.88428,360.0,4.71484,1.3,181.0,13.7821643919877,871000.0,63.798,0.4386,43.9022859066284,2.64543493031032,192.440761561307,83.063,48.0,16.937
189,Sao Tome and Principe,479,12,Below,STP,1.0,7.0,187356.0,964.0,194.35269709543567,71.0,1384.70246273576,50716.0,2100.0,119.695655822754,18.4937877655029,1.61199998855591,398917748.232659,1890.0,5.14907,2.9,124.0,29.9312292018213,33400.0,70.17,1.9242,42.5199499592471,2.9256781090661,219.820833333333,27.197,57.0,72.803
190,Yemen,310,77,Below,YEM,15.0,48.0,27478000.0,527968.0,52.04482089823626,62.0,1418.60353383348,336310.0,649902.0,72.0394668579102,59.0965728759766,7.31400012969971,37723823688.6295,1460.0,5.15143,0.7,48.0,26.7183547662977,366700.0,66.096,0.7852,39.6148902740523,2.87626975604452,53.9778529083092,63.358,71.0,36.642
